Customer ID,CLV
12347,3000.8335514299547
12348,1005.176466657531
12352,2363.3135336582795
12356,781.2322296449603
12358,1508.8657786132703
12359,4870.097219694607
12360,2298.22932617151
12362,4669.741198685805
12363,672.2559070451168
12364,1995.7372235908624
12370,1756.7788744378106
12371,1858.2633387694789
12372,1137.7367370250367
12375,1204.458990987148
12377,740.8469733662181
12379,1038.567256106918
12380,3157.4002893013817
12381,1767.627657553327
12383,1287.3026108220085
12384,1156.72992774232
12386,406.55497027790426
12388,2279.902101493167
12393,1236.0709811881009
12394,1362.741200166165
12395,2340.273178692362
12397,2327.3875292699227
12399,1219.0377147752638
12406,2559.0892407726014
12407,1853.710167844483
12408,2378.584271333973
12409,6379.074649214791
12412,1505.9343712537855
12413,565.1829615580945
12414,704.619643968617
12415,95943.5880622551
12417,2921.5414129921533
12421,903.5116384158798
12422,802.0755995283305
12423,1609.2803496670924
12427,687.8938970115781
12428,3157.565922932024
12429,2102.857583897463
12431,4910.303615216414
12432,2767.7017453714902
12433,8586.504376419403
12434,865.5865974365302
12435,3654.9734982680125
12437,4144.723412755179
12438,3383.245920858543
12444,4726.223822233473
12449,4445.9536734611
12450,677.812791668263
12451,5275.697876002673
12455,1102.8456448216411
12456,2530.839260198074
12457,2260.7915063146484
12458,795.5097880619066
12461,868.5873584777139
12462,695.8005851028856
12463,1472.0388753178977
12464,1256.9837740298765
12465,935.2193575874321
12468,731.3849174963278
12471,13704.932988734334
12472,3968.297595951491
12473,4446.341940088727
12474,6301.161314973878
12476,5509.8487737118
12477,9740.000991246798
12480,2249.9544878435363
12481,4397.80208245247
12483,1913.652066507099
12484,3049.860109248845
12488,2549.583567228027
12490,4114.4210500486515
12492,1009.1386434580269
12493,728.8861697590165
12494,1235.8341489640784
12498,1433.9216656751096
12500,3555.009469676722
12502,2980.7539301120974
12504,1468.906905695599
12507,1097.7361717441931
12508,1742.0966633198716
12510,566.0847564971804
12516,1379.188410814727
12517,2642.9133121803634
12518,3874.192019086333
12520,1955.404726010694
12522,1379.8027678419276
12523,1770.2207031765806
12524,3714.2017458972314
12526,2348.7660241547137
12527,534.5468865965282
12528,1605.366253855478
12530,1342.0495866574963
12535,921.04079071986
12536,19349.566415057656
12539,3332.146590470281
12540,9966.91174950751
12541,992.3312936764518
12545,740.8089127414667
12546,1711.1271858590906
12547,432.85522089252885
12552,1574.3827369853457
12553,2839.325674092102
12556,997.567179847504
12557,8466.170770789666
12559,405.9608131765328
12560,1873.4343348517855
12562,4576.107295772034
12567,6180.166740312144
12569,4400.910893784566
12571,1124.9291775319034
12572,2281.0956735864984
12576,1291.8062065856545
12577,627.846229414116
12578,1187.6324012741095
12582,626.3211319862935
12583,5140.852049339278
12584,2188.2113983176937
12585,850.9765774296495
12589,1327.9493596634693
12592,693.8573509722805
12593,696.5695832116297
12594,2882.405374010477
12596,759.4441131871779
12597,3461.6457792301994
12598,2528.039988515468
12599,1129.8523213635538
12600,2222.062948496753
12601,713.5612012520335
12604,481.8639802156055
12609,1026.85116038268
12610,2628.3962679220426
12613,2724.96982688774
12615,2784.1838232013733
12616,730.2845639252287
12619,3937.850302486349
12620,1386.780561897875
12621,10413.514837465453
12624,949.9670940397242
12625,1059.527765459937
12626,4924.645519181872
12627,6407.262536467669
12628,2103.1842498810665
12630,2646.2040546505045
12633,1418.6786522822342
12635,1888.8609818427553
12637,4073.7045904786305
12640,1781.382922091216
12642,1922.264131599277
12643,2312.8694937091386
12645,1516.7982873428907
12646,2623.3910649263885
12647,2855.692704622996
12649,739.1583139400072
12653,1486.6476936714696
12654,781.2210905256942
12656,4150.248926134662
12657,3065.0106733152597
12662,2996.4154846993692
12664,3895.919327642305
12668,2784.7750341105884
12669,1927.0831708408884
12670,2968.930641344981
12673,628.2913245450509
12674,2087.6890074458797
12676,1092.892371785212
12678,13722.945003739078
12679,705.3869776247209
12680,1782.04621528915
12681,10038.363475998762
12682,9387.196558448644
12683,5934.5171377115785
12684,2585.504395706418
12685,5456.17185044535
12689,1761.2961224960013
12691,1000.58419614491
12693,937.283213692845
12694,1027.8532441151713
12695,1081.4743920957308
12697,1324.3294079041139
12700,4704.358379412142
12701,861.5217461907208
12704,3351.3285375607147
12705,4914.050015916218
12708,2232.7143578490386
12709,7329.585707137557
12710,1015.1192880880889
12712,3503.41655071457
12714,3655.413209533607
12716,1204.7738466710236
12717,817.0430759661865
12719,1779.891779011578
12720,4377.276088077799
12721,2144.438319476996
12722,1655.3985463024028
12723,2027.2760428418035
12724,1049.110678452391
12726,2198.8076546228745
12727,3226.9081871498524
12728,823.3088590454564
12731,13784.712114292706
12735,654.8052487160066
12739,877.7898767399869
12744,16171.114435514468
12747,3218.4675361787363
12748,25943.094823925636
12749,4064.459668004417
12753,13508.334615680364
12754,2726.0589543017927
12755,327.8467712589919
12757,8288.892170470046
12758,1401.1079107470084
12759,1370.7747191825679
12762,5733.287572469129
12763,426.97646791951007
12766,4658.872176771925
12775,1369.606056243547
12778,978.2738606380244
12779,3089.710629705851
12781,612.5865393491622
12782,1735.4856446913477
12783,5141.8506399794505
12784,1805.0202560265877
12787,908.3273121882283
12793,575.5340072411916
12794,1737.6235362949938
12798,7335.280181765436
12808,577.1196128343785
12811,632.539732916518
12815,987.9501316101274
12816,852.9315736605354
12820,983.2075383461363
12822,1342.7844854282578
12823,1666.9459504511924
12826,1332.792504786516
12827,1838.0162703309602
12828,2031.8045983292818
12829,454.0417240707933
12830,6626.666183804311
12832,1015.126238234043
12836,1828.919882742012
12838,499.2510051280739
12839,4271.928454327758
12840,2452.5315516089804
12841,3175.4086812311425
12842,972.6359043884486
12843,2022.4239615470392
12844,903.9785537034555
12845,615.3649371005771
12849,699.5577621434572
12853,1573.224303771744
12854,1101.0106455768866
12856,5426.705189343817
12857,602.7184038770142
12865,1577.519981140133
12867,3105.7055026271246
12868,1347.334849019779
12871,752.8178164647009
12872,458.98753448521626
12875,351.99160438751176
12876,2110.8260732892627
12877,1432.7333432030023
12878,863.1441205540004
12879,1712.6346991729297
12882,4063.323780140398
12883,1601.7138051712866
12885,1493.0543901998474
12886,1070.3113695023155
12888,494.0959901509547
12891,641.8113053754446
12895,1074.2200144233723
12897,438.4822230396765
12901,17368.985293523878
12904,880.9775668163979
12906,2815.762933331653
12908,681.9796852379535
12909,1686.8560238496123
12910,2907.2245993406564
12912,5222.9221812875185
12913,1834.731418742101
12915,417.626913220605
12916,2094.589613991095
12919,2149.8217328028195
12921,12556.867090709673
12924,1060.7681583335964
12925,1598.819052628779
12928,1582.45728788248
12930,800.9585218594526
12931,32500.498391524
12933,837.3734341568337
12935,1813.272018530527
12936,1524.31142536054
12937,1627.8817915254476
12939,7983.783798269435
12940,1874.881295222873
12942,629.6514024890487
12944,538.4968331271821
12947,1279.8304437950765
12948,2093.7608971977093
12949,3048.119721731681
12950,6435.073690653496
12951,1083.7649330648878
12952,2317.543902808302
12955,4623.187344739481
12957,3210.282449873156
12962,902.2652136107719
12963,1459.0422891266828
12967,495.68099144058624
12970,662.8328942761786
12971,8826.457128329344
12980,5201.349132578163
12981,938.1321755578862
12985,2806.910820568693
12987,787.1595912243644
12989,5453.054990268695
12990,631.6513469918482
12991,1069.804602862566
12993,670.9220291218681
12994,985.8498558528541
12997,1125.4743199515751
12999,588.9530725866769
13000,567.497389836642
13001,7875.483635787704
13003,609.0054755067808
13004,4475.3432286891175
13005,608.3408685555162
13012,1570.7797683928313
13013,2799.922459181264
13014,3188.777701264659
13015,3071.296677650176
13016,1249.9477599556976
13018,6744.278169870884
13021,2222.6772789252045
13023,1196.7110031042753
13026,1256.4197277272572
13027,4466.81074123977
13028,1949.9861065117757
13029,960.8506746594463
13030,556.4948577934254
13032,1805.6330518317557
13034,623.2308826000759
13035,925.0309369390002
13037,1028.2551644030982
13038,834.61396151782
13040,2364.8160578815387
13046,775.7559616123872
13047,2447.3321296733056
13048,1437.9025285271869
13049,724.038702722622
13050,4542.015869035594
13055,1359.8639583463662
13058,965.22686598438
13064,1093.2084481791567
13066,2235.193209675999
13068,485.7180489062686
13069,3464.4258370307957
13077,622.1507416369151
13078,9608.371805422248
13079,1021.7400089110162
13081,19470.72628955339
13082,2915.933197272539
13083,1168.43596800383
13085,485.1816980694372
13089,44741.74102878035
13090,6861.283326876182
13092,570.9780485820892
13093,4323.733530842304
13094,1637.615744520345
13097,4672.006481369423
13098,24683.39317246218
13102,5022.546838521306
13104,1113.672692464054
13107,1114.053752767131
13109,1128.5616538332133
13110,1423.078504147878
13113,9414.057816755061
13115,2316.404017653886
13117,927.142411518389
13118,1290.4757334381552
13122,462.20234929331355
13124,2170.4580366982073
13126,1739.533182438718
13131,1443.9088757793083
13133,410.4030930142686
13134,1774.1576116008293
13136,2762.1334362085795
13137,3347.82548442217
13138,904.2942122721317
13139,4974.696282417172
13140,517.374035213225
13141,1888.1376745667692
13145,566.8510150823
13147,1974.711211319459
13148,2872.659665601946
13149,1539.0359237630066
13155,761.8229068400876
13157,1706.285524840616
13158,1140.3132875521594
13159,2450.255443032244
13162,1087.3108567236127
13165,778.0572647114913
13167,1501.3804418942557
13168,935.5646497917791
13169,611.7923788222455
13171,663.5807215892521
13173,438.09303665999323
13174,1293.3457131044117
13178,4180.0445450812385
13183,3067.44072776212
13184,1779.6565014248902
13186,1628.631279325293
13189,950.4952301070222
13192,963.55787020452
13196,1605.0369560994332
13198,2588.1831800276723
13199,7524.371614611258
13200,1634.9512890579283
13203,1179.8819036471625
13207,695.1376546172221
13208,1294.290479655853
13209,4476.312963378714
13211,1097.9040565042974
13212,2126.546559096427
13213,1828.830793086793
13217,1238.380983757365
13220,1234.3626272619617
13221,552.1361454105191
13223,513.8552838701955
13224,1835.8727221090426
13225,4278.369695179564
13230,2415.0473326549736
13232,1769.6559403661322
13233,550.5817308772921
13236,1276.135551318566
13238,788.6575014362833
13240,658.1921695043427
13242,654.1562549355034
13246,1701.3241534983263
13247,1385.8996804521323
13248,617.7662481831599
13249,822.2426801839664
13253,721.9102587906532
13255,423.2424994448558
13258,1049.5894121340318
13261,464.80863519972513
13263,6585.013430851648
13265,2097.148764485558
13266,4035.9835767918585
13267,3530.3809871032536
13268,2944.1080854058214
13269,4099.485267082497
13272,1108.7737056544618
13276,1576.2389943930837
13277,1017.949168425386
13280,733.7555579335299
13282,1320.4095745849706
13283,616.8778396526392
13285,2173.323551961052
13292,654.3033034382155
13294,778.2433578484067
13297,2762.067544051379
13301,794.3014232653413
13305,1732.6118456346328
13308,1163.5791694572872
13309,1292.6676916234867
13310,922.1862566512939
13311,767.0919640859669
13313,1334.765608828439
13314,1600.6284523590232
13316,4622.786590086707
13317,1823.1461019363146
13318,2309.531274147482
13319,8029.331795849555
13320,1620.3877805421134
13321,1442.6805081478121
13323,2353.8585209376392
13324,5152.25146431071
13327,2485.814914382505
13329,632.7045959689522
13330,1008.2884007861273
13334,1894.237146789722
13340,6861.601815949934
13344,1124.3261241149962
13350,1558.10638156921
13362,2396.1803849248695
13363,2193.4502601475497
13365,1989.7909085059198
13368,747.5772909543202
13373,2442.612945781161
13376,1116.4827232092844
13379,1345.1705460220603
13381,3208.6800017942933
13384,4444.471177746584
13389,1021.7347635464632
13394,2294.2537358709874
13396,1066.1924425983232
13397,1331.1521496750324
13402,513.4160952471324
13404,524.3822977842135
13405,698.0856258003104
13408,20809.58145782448
13410,1080.1355784839257
13414,1220.1763065311745
13416,1734.0355618067229
13417,920.0169478827262
13418,4449.772666310264
13420,696.0360813009385
13421,1193.2063308763309
13425,1410.8671476266945
13426,2878.420945003607
13427,901.07760493028
13429,2475.644405440413
13430,1507.6055618846208
13431,1616.898884940319
13434,1617.4853699699709
13435,4771.356367824038
13437,3026.4872852837607
13447,3973.0013893407836
13448,2545.6455290568097
13450,2529.200022602331
13451,2385.0488325015403
13452,647.632134713822
13453,520.0746456975273
13455,554.8922246492789
13456,2349.3541110606357
13458,6860.145540138347
13460,1338.12457881307
13461,1747.1017860295028
13467,2104.2821247681854
13468,4394.692536029871
13470,819.9541212159187
13471,5477.3650864017745
13473,471.6277910484931
13475,1336.7025952775737
13476,805.6382208707718
13477,1547.5741574947708
13479,598.2396872724954
13481,1542.254226952014
13486,1876.4393729056112
13487,617.4029093001359
13488,6051.525567181784
13489,728.8177322987648
13491,1180.7251509761693
13492,1521.1362146228985
13493,730.3837068396251
13495,1452.158931459869
13496,422.8027593257985
13497,440.07246458813484
13499,1380.5075698170472
13500,2075.403921476933
13502,507.7881320031024
13505,3961.7807364906703
13506,414.20460782698314
13507,2477.7492367057725
13509,1139.12731322338
13510,2068.972967442584
13515,1144.8290972531413
13516,1688.5653568318126
13517,1825.2428692152555
13520,2748.1427218429576
13521,4838.155378815878
13523,2757.3508471797763
13524,1096.0344998308844
13525,743.105009427244
13527,2141.0251563885104
13529,634.7027092392483
13531,432.43753262517384
13533,513.3843495826529
13534,4692.787113194732
13536,7686.365117302949
13538,1333.5817537824648
13539,756.2273882677317
13544,599.6218246387525
13546,1029.862357751592
13548,804.9166687931784
13549,1255.2304902368815
13552,3278.6660888187707
13555,3190.1473397478317
13557,673.1701850817524
13558,1989.7180159264012
13562,1604.9755880120815
13563,1286.6329035086992
13564,1163.1815769369089
13565,433.2537352407136
13566,1446.699701882909
13569,482.1181760447185
13571,2466.5019044107735
13573,658.2704689140122
13575,1444.1625550533263
13576,5117.075702221122
13577,1807.3936554934232
13579,510.29629761093105
13588,2846.1395471160968
13589,819.504082816391
13590,1842.8454311607625
13591,1020.9378110751236
13592,608.7692336748385
13593,1520.3894751090495
13596,2663.0025177255898
13599,3995.4524664168644
13601,814.6048125659207
13606,549.8778217776353
13610,1246.4714246821832
13611,949.6441635751395
13614,1462.9652845914668
13617,1080.8438467875108
13623,924.3283515535339
13627,1336.602986226545
13629,6100.308834960345
13630,2005.9986781191706
13631,3299.8958606834476
13632,2358.362644009722
13634,1347.294518885298
13636,1135.2964424076602
13637,887.5235164923749
13643,1081.569013964743
13644,3989.30507037898
13647,1770.4136476509439
13649,412.7483887986083
13650,1821.467333086602
13651,1301.6818050461075
13652,873.8481083474369
13654,2642.5806988552445
13655,944.9343420946592
13656,490.3158617775099
13657,750.1098448874012
13658,2405.4003462893634
13659,737.366097390663
13662,1056.1771282686727
13666,403.04921401325845
13668,5121.802424104
13669,850.6012360002259
13672,428.4078168258904
13673,1858.675776130493
13675,532.6421872368877
13680,2525.6070643523917
13681,1525.8823931223653
13685,5549.886865934411
13692,1098.3632820934308
13694,48737.72137508203
13695,2903.546411214677
13700,2110.8818928258206
13704,5545.515430425718
13705,597.4900095986048
13707,520.8645067191987
13709,5318.137674900121
13715,886.2780958938554
13717,1412.551770282751
13718,526.0242062702785
13719,1443.8429293161037
13720,971.891263013133
13722,1127.464634334977
13725,1296.9518685729183
13726,2124.101712716099
13727,1639.7744008492505
13728,1125.5139694300747
13730,1142.662675675918
13731,705.5642534560171
13735,2479.1632251715737
13736,740.6534220415955
13741,1038.190983692361
13742,2636.9183663430904
13743,1644.5797548936555
13744,587.7495133311526
13748,859.1166614825602
13750,1401.4652024680902
13752,1395.888836318294
13754,449.37106178593416
13755,5212.165854244626
13756,3855.7618916874626
13758,2401.924909858514
13759,1176.2219043516618
13760,555.5547787332252
13761,1214.152916002455
13764,1114.2631686991886
13767,12942.61968380023
13769,2198.559239524655
13771,2132.77025807808
13772,1352.3786246008774
13777,14911.704321818774
13780,863.3205655393218
13782,967.3302181668944
13784,2304.3576408576837
13787,450.7889187619683
13791,1268.3273465693717
13792,482.885407173543
13798,28209.951068635623
13799,649.9317590403184
13802,3245.618779790015
13804,2126.462951231044
13805,1297.9598579015296
13808,3143.448678347649
13810,1646.5798990904714
13811,1007.8244606815401
13812,1280.2896742585713
13813,2223.231518290777
13814,1982.9588102644352
13815,2792.9843360321
13816,1451.3201025260105
13817,499.626583147255
13819,910.5698322779734
13821,515.6561315161488
13822,1673.5470375773727
13823,1397.6470674327313
13824,1443.0187648463027
13827,1107.2769883021144
13831,1654.6964615935358
13835,1076.7801397665305
13837,471.579194288729
13838,643.9898086059995
13842,2648.9417132676394
13846,657.4330840980792
13848,980.1717217848308
13849,1691.826041283686
13851,2427.688771577916
13854,6333.094279652118
13856,852.999711903
13860,2626.357000611276
13862,1823.8564966268225
13865,744.7251186343598
13867,1422.3595926949126
13868,8320.523277507144
13869,2365.9104990373744
13870,2419.5913301062005
13871,5573.662691996085
13873,598.0068995308726
13875,1638.8598977621848
13880,2689.3732120025475
13881,14390.994836765089
13882,3479.610866104967
13883,2030.0267475051332
13884,995.440932103685
13885,621.4242414871309
13888,839.5488270261044
13890,1652.678560278253
13892,1042.1409373849249
13894,665.2581868279123
13895,3563.1650467208933
13899,475.67317348260923
13900,784.0892730875569
13901,2545.29040327764
13904,481.92684490644683
13908,2108.90594152823
13911,2342.552709679448
13914,2115.293000612833
13917,753.448463348839
13918,1319.5947080012027
13919,976.693314105683
13924,3682.791694870481
13925,1152.4491233966628
13928,1288.9091307076094
13929,656.4465296948044
13930,844.7499229761901
13931,1091.5768391557467
13933,1032.1835690629812
13939,686.9109465302587
13940,1598.5693729574364
13941,3208.460000612047
13946,747.2548969218315
13949,4604.319587028958
13950,1029.8215527698908
13951,781.1368565684925
13952,1554.9859959506784
13953,2664.066201041296
13954,1415.0089701273287
13955,457.0739255980377
13956,1285.598037514847
13959,605.3144236877437
13960,1182.6987579166803
13962,485.0598713111458
13963,674.7878401872778
13969,7003.967618806926
13971,2647.5041057131957
13972,555.5312665452544
13975,2122.5985156571924
13978,1290.7506979547693
13982,1372.683837218522
13983,2061.8530958308456
13984,903.879438879939
13985,7053.627388769557
13988,3932.6107761324065
13989,786.1205797613285
13991,1794.7290927012748
13993,2943.0099503219367
13994,3663.4602782213324
13995,1567.820987606355
13999,3105.6399631273266
14001,1512.956521148208
14002,991.1616976397611
14004,3735.9530623928385
14005,3504.1029909392714
14006,899.9322619964609
14009,822.3767909081259
14013,732.0744873980915
14016,2946.34976278441
14019,2199.94171725398
14020,1432.07756385766
14021,845.5968945168297
14023,707.4399281148288
14024,804.0701483053068
14029,1045.403063795358
14030,1597.5424352258399
14031,12002.989999319736
14032,2366.8161393829496
14034,830.2676727168524
14035,1382.9078293932669
14037,341.0618216951484
14038,1442.7289423955995
14040,3103.950481041338
14044,788.0172121905656
14045,1234.980745241614
14047,1074.0892894880512
14049,4107.582270299797
14050,1203.1136768709384
14051,11778.150586026224
14053,732.5783908248042
14056,7598.068870786876
14057,4419.316032444599
14060,4708.861121964199
14062,7517.671506628847
14064,1513.7773617053383
14067,1086.1981487374496
14071,1632.999155918463
14075,1018.0468869992778
14077,794.2824297678503
14078,1004.561623905932
14081,642.5719184435027
14083,875.2230746393606
14085,3485.3558764997733
14088,36294.30401744258
14092,3300.8766550904247
14096,126538.6295664554
14099,2471.116520893017
14101,4588.93081079751
14102,3924.522872413699
14104,711.4229737529394
14107,2089.7415681251837
14108,1314.8647242072718
14110,5131.7892533600125
14111,1079.062711228702
14112,2539.9589630057326
14113,1382.0185252614162
14114,479.1613339590391
14116,2549.0043672734273
14121,7260.621156800705
14125,3917.739891068198
14126,1940.3848276341505
14127,696.8005053748172
14128,714.7798275990096
14129,1173.0767523178624
14132,4858.854267039398
14133,570.5848912735744
14135,3491.4952656545156
14138,1770.0091681818922
14140,2468.6280420732414
14141,1970.9006781236494
14145,3340.06948994975
14146,2490.6990113895295
14147,629.310088238314
14150,555.34578556719
14152,740.4631001566453
14156,89119.227990441
14157,513.5226188520818
14159,3771.03569507787
14161,897.5365040199623
14162,468.44078811878046
14163,2520.6401124254453
14164,1594.0239960234767
14167,704.1920970423565
14173,856.1061817563858
14175,2552.2878793484606
14176,614.3044563336322
14177,1118.3127816346062
14178,2430.636052625059
14179,1518.9543320506227
14180,3783.473447027152
14188,1794.8341291824468
14189,3626.795328269167
14191,5680.6356521678335
14193,768.1385367949265
14194,9864.066470694934
14195,588.9737770983003
14198,1005.3465814296887
14201,872.2391099225504
14205,620.7022887019476
14209,1751.7839338391136
14210,1504.9803662712911
14211,2293.253419797568
14214,772.4742788203961
14215,1533.9843461630262
14216,5380.244351288244
14217,1795.6232518215288
14220,533.5478351878264
14221,2829.4533354548016
14223,1054.8544395346087
14224,1024.065757545177
14226,1610.6320388747263
14227,2787.919553055955
14229,1176.4745359898352
14231,923.4610339938713
14232,1734.3059161023014
14233,1477.5050954856417
14234,2166.897531385427
14235,2605.530690710544
14236,506.2209378796165
14239,2290.1002880759556
14240,1106.6811153730837
14242,450.77314385185576
14243,2142.962277379471
14245,998.2630532370158
14246,1440.4067929701368
14250,2071.944476109547
14251,5208.771940535504
14256,608.1812811544374
14257,2405.124279627976
14258,7964.342184189629
14261,1351.600707399344
14262,2982.932827897541
14264,634.1923918833933
14265,993.599358099205
14267,1002.2444923978296
14272,694.0527536062542
14273,925.0452882310434
14276,1058.8006582005928
14277,3267.9969533336293
14282,2747.8073528375985
14284,1507.4191606313302
14285,3004.70048775641
14286,2954.0143667410453
14287,613.8930751733601
14289,953.3721604009194
14290,1477.9996541559317
14291,3148.689203784419
14292,4427.523155572122
14293,825.2525404741016
14297,1402.1707058405393
14298,37916.98942287222
14299,3001.056295879724
14305,1904.6440769114242
14306,1602.9724101652896
14307,1916.7857203816957
14309,2040.330050197798
14312,1398.527038817509
14315,2307.813425829592
14320,431.3699087400894
14321,1320.2639814658453
14323,729.1585815166602
14329,3154.915936005946
14331,780.2379600776203
14332,1707.9167166332645
14334,2051.1973414658146
14335,1016.8609596240076
14336,1401.0276833754076
14338,526.2496675756486
14341,1892.24312594389
14342,933.4286110225432
14344,773.3419447634038
14346,963.3850488794635
14352,1166.7713073885027
14354,1591.575072522825
14356,1579.4319720540773
14359,1749.5832462728918
14360,2708.7959373855115
14364,3942.181608388398
14367,8313.951058410685
14377,673.1459966243199
14379,562.7903811855344
14383,1923.809209299576
14385,2040.114690828137
14387,3046.638553340931
14388,2474.5919638483047
14389,1330.218024556538
14390,3592.104900559654
14395,2705.9814488257457
14396,556.4193883547265
14397,3429.194747129221
14401,3283.4811477368307
14403,1139.727333946086
14404,1325.0646389642961
14407,2098.047385449465
14408,2634.4693353299035
14409,1592.7667524035348
14410,1241.6590715782058
14412,1584.1966609230321
14414,1322.7471864945785
14415,4208.305350660608
14416,1556.3279111165868
14418,3836.237701068164
14419,1041.9467594345456
14421,852.7469739249361
14422,4108.092704928612
14426,3584.8552108273734
14427,1123.9153667605972
14428,1217.3403347008307
14432,4970.652690762129
14434,3461.8847597110316
14440,1583.088365832091
14441,1753.948884846946
14442,1028.9738794768857
14443,1132.4448760486287
14446,1197.1440036412757
14447,1223.867186664594
14448,496.9632305521439
14449,828.3979631452212
14450,621.9124885920296
14451,848.0072611950031
14452,1084.4247668071225
14456,5182.983463942094
14460,704.2558928713883
14461,1643.6794097862762
14462,1886.986688771813
14463,982.494435053888
14465,720.8805048285993
14466,1727.5890794838824
14467,772.1413230517643
14470,516.9032011921763
14472,1624.7531282410966
14473,512.6203983798496
14475,888.6878978757129
14477,1375.0146582223028
14479,409.1958607591647
14481,651.5028418581234
14482,2385.6184886187357
14487,1119.387356190156
14491,449.47467581205143
14493,3156.6017911382914
14495,845.417063329352
14496,459.94084422896236
14498,1663.2309708196963
14499,1015.7791573793735
14500,646.9710212102023
14501,488.9518513443825
14502,2373.2039745709644
14503,4403.709427441433
14504,899.6872389521878
14505,3993.590531215546
14506,1598.3657865704017
14507,1355.6951637554744
14508,1114.7055025293448
14511,2575.427064970759
14512,595.4848462011628
14513,774.8064370258654
14514,964.6321329407945
14515,2362.9141600752
14517,758.6139164728554
14520,466.87778362563074
14522,1364.0027359987282
14524,1538.942395684544
14525,3279.7192174909565
14527,6638.910917201447
14529,1618.5715981107091
14530,2360.4004494565206
14532,868.6961585468018
14533,1523.0612646200093
14534,3901.6678684361805
14535,2360.0516986448474
14538,668.8282449221696
14539,2364.9522522939264
14540,1021.0400528315971
14541,1471.7528860001305
14543,2931.013134055923
14544,915.4839124642846
14546,2477.2242786526367
14547,10398.989372138736
14548,595.9607495427011
14550,2264.367253144273
14551,566.7038505761841
14553,865.2269416690029
14554,6364.3824289595195
14555,467.4732103271085
14560,1796.8065076536402
14561,1590.324328061756
14562,4678.827264933347
14565,1735.303404345164
14567,1724.4664618084694
14572,2430.7299802631665
14573,1239.1377836223173
14577,715.6844656896054
14583,1560.7751321051608
14584,1479.1006158435905
14587,1510.1324021423034
14591,1688.9971755676588
14592,1774.1782344437106
14593,809.955053404199
14594,391.82172223274097
14595,1714.832797570061
14597,1310.0828383211942
14606,9431.906419423021
14607,16056.24801983866
14608,1481.3071421559525
14609,797.4063721501458
14616,504.79771146531107
14618,611.7710505042903
14620,532.7084523885544
14621,1448.374523206902
14623,1219.930249279089
14624,1101.196133837063
14625,526.8975815643574
14626,2746.9917107220263
14628,751.9959140231795
14629,2035.4697516495069
14631,967.1972274824217
14636,668.6715669882165
14639,2006.2380554346582
14640,2354.7483883290893
14643,545.1894322107976
14644,871.6689690299472
14645,693.3638967868109
14646,221382.89646536935
14649,1406.5789368273688
14651,731.7774770596619
14653,1630.341779860779
14655,1703.3938470865653
14656,517.5517140992648
14657,717.5853891029128
14658,925.7609432497684
14659,2041.9581538508005
14660,1071.1781695040022
14662,926.9141365099181
14664,2020.8999600879251
14665,1569.1870305134196
14667,6986.963852044153
14669,644.0833680380606
14672,674.7674900943881
14673,1332.2752627261575
14676,2234.4411305526373
14680,20615.087296572445
14681,597.0815963852026
14682,539.5613340949337
14684,1132.5078514967322
14688,4242.5151310164165
14690,823.17823801927
14691,2369.997941561414
14692,644.6030507357486
14696,1645.493067527845
14698,3214.65934903413
14700,1952.389106153377
14701,2194.586577779123
14702,2627.3878081867465
14704,2493.5510232026127
14708,819.7513115792804
14709,3898.1774747068835
14710,2199.8462310869286
14711,3103.2719217701006
14712,2124.541865224677
14713,2143.510754324093
14715,938.0919027332076
14716,816.4288191251468
14719,1839.866270808209
14720,1523.9324177116073
14723,994.8732108376379
14730,2053.748285418991
14731,787.0454948925694
14732,2357.596147337638
14733,6178.660237301894
14735,4877.036994255111
14737,865.3161347649952
14738,1326.5211318934232
14739,2699.6929352774605
14740,1198.5540837415056
14741,1226.217798033899
14744,994.0537536973286
14745,1275.8561530025788
14748,1011.5076611856432
14754,697.1840403208571
14755,4050.1970413691324
14758,1232.5923610287555
14759,1533.3140207042352
14761,453.138525105234
14765,805.9014842427137
14766,2029.9098546089267
14768,785.704865431078
14769,8180.720668077719
14770,781.7288941469201
14775,742.7378628651317
14776,2093.2062506701723
14778,663.151713034057
14779,458.74648579460046
14780,1143.010737677398
14784,478.0877721788172
14785,1744.767198342097
14788,2351.4528431740328
14790,1033.5146242094254
14794,1292.7426647182197
14796,5938.733800469203
14798,462.23238071932406
14800,3184.65478418723
14803,654.4874390028185
14805,752.6324664807382
14808,3347.3393030920975
14810,1780.8909581576895
14815,1475.0898801411142
14817,829.6111654351932
14818,954.4448367370828
14819,729.5606166681002
14820,1086.1424967863954
14823,639.2286896800993
14824,2248.7347490024026
14825,1891.61081371203
14828,1510.2920853810301
14829,662.873393445026
14834,2015.060858723481
14836,1536.3307866869118
14837,1872.7552898466793
14841,2518.9636278896014
14842,2456.4642486410703
14844,2785.443023514774
14849,5973.699710075288
14851,689.4188382942132
14852,2766.837867770948
14853,755.2485643524213
14854,2592.9484675309
14855,1145.6777326741453
14856,1785.9959816111977
14857,1479.542261029908
14859,1693.127181461183
14862,1332.2073147726817
14865,322.08697801592587
14866,11071.799792493764
14867,662.0457388867574
14868,3177.504416990598
14869,1345.5749748291662
14871,624.8461077073541
14875,1359.1897655684602
14878,1250.721346059036
14880,892.736008243332
14882,2276.2041798714613
14883,1049.1710261650162
14891,651.5439964995085
14893,3196.2755451249836
14895,8419.956765629817
14896,455.0971045318465
14897,1417.9977818852149
14898,1221.0858454270185
14901,1250.5354163454315
14903,2499.4868166973947
14904,3322.980107730555
14905,742.7339715381596
14907,2455.3771548161776
14910,1757.6816132659246
14911,109092.04001914334
14912,783.0002364404028
14913,1019.1201160887133
14915,532.9155149389419
14916,1146.3633295838958
14918,1683.984463760287
14921,942.0824693229398
14930,1448.4121961983537
14931,1472.8232533487983
14934,1249.1190277888577
14936,6428.299122991386
14937,1912.757921563976
14944,4938.358872718139
14947,848.5015292996859
14948,1441.9405251723633
14952,5875.751444242729
14958,738.0882533796954
14959,847.5289066444063
14960,729.2319948274913
14961,4768.585739485255
14963,2088.583102644246
14970,1395.0307112780167
14971,2472.2322793233666
14973,1166.5580425378523
14976,890.7890342431515
14978,1657.563989771725
14984,669.0445220856493
14985,436.4813499919934
14987,424.0795265211806
14995,486.8889565319068
14997,1062.6171098605832
14998,667.5097964352981
15002,1058.7755124716052
15005,5024.271796018554
15009,3645.374625186783
15012,460.4999930853782
15014,725.2131369673821
15018,599.5762465961113
15021,1626.3327714979696
15022,2661.3046610676956
15023,5083.028527613257
15024,1216.723458955963
15026,732.9518353289353
15027,1216.0761320551544
15028,636.8917527457737
15030,715.4894952529401
15031,882.0956145057693
15032,1739.1424690825584
15033,2043.1044454451924
15034,2999.19463395129
15036,1083.8105481280097
15038,772.2919536524826
15039,15103.328510164443
15044,5605.204267642419
15045,722.5599907249941
15046,4188.976947037349
15048,544.9412149633057
15050,1900.2021222902254
15051,2048.8649800200997
15053,823.6735088443221
15054,1596.2648045079914
15057,619.9814903148022
15058,1954.0495002351263
15059,1303.52300888963
15060,1800.3880929556765
15061,34377.048020713366
15062,912.2384186868331
15065,2460.4503561494807
15067,1115.6844029874514
15068,696.4737914128466
15071,723.8424305503323
15073,1289.9926662148791
15078,7379.067375479171
15079,854.981158965648
15081,633.7554107524999
15088,1618.1708229673652
15089,2706.666472699334
15092,498.155135469592
15093,3212.988163711221
15095,1194.5296883782385
15100,669.4828747518204
15101,464.4935859532084
15103,1632.0001955259524
15104,917.3132268612804
15105,3470.864908805089
15106,1390.6654918459787
15107,341.300602509286
15108,1653.2616796071552
15110,1046.8769584339136
15111,1201.4071280239434
15113,4483.837662861158
15114,2621.9292219314502
15116,1534.3278186309676
15117,1904.959826773369
15121,514.6046741777149
15122,1410.7822118765916
15123,1662.7940081997792
15124,630.3850470891135
15125,7826.865400156069
15128,1576.2310170064518
15129,3225.208615292796
15132,1090.3277144409642
15133,919.4238452022228
15134,1836.8352245242133
15136,2152.9933501920373
15139,379.00519554031206
15140,2280.6375459236483
15144,5758.161186253393
15145,1224.5925706817388
15146,769.5407516197718
15150,5089.983079311774
15152,5712.27423973428
15156,3289.7200042837167
15157,939.6250684832969
15159,13262.873775338734
15163,688.7302499634959
15164,849.8210865586232
15172,1813.9034006443396
15179,1138.9276528676764
15181,776.4537139781552
15182,619.8530427314379
15184,718.0716574877879
15186,797.0605154483652
15187,5632.180352274278
15189,13536.968510632778
15192,839.9919404936547
15194,5789.850790031384
15197,709.3629345773468
15198,835.7156606957265
15199,1147.1871735492768
15201,1385.6300970410891
15203,1756.372556089095
15205,954.1296429671779
15206,797.0372254641952
15208,960.7923395247375
15211,651.4313555589539
15213,353.1869746477089
15214,1689.3575427265037
15215,1573.308418546404
15218,4734.593832102085
15220,1771.8522221832063
15223,833.7389798241672
15224,516.457394586858
15227,1109.240301134206
15228,2522.2546998765106
15230,495.6351817102821
15232,1062.839735178848
15235,1617.3023108530472
15237,999.4489872051221
15238,1488.6068159791419
15239,1542.3415601166184
15240,1552.7522841669113
15241,1687.6096881477793
15244,731.955361246307
15245,1587.8644209413126
15246,539.4626496738088
15249,6197.57708629386
15251,8506.337602946802
15252,1039.4400273927415
15253,1547.4290595249452
15258,783.4180755213597
15260,1350.2380942829075
15265,1190.2710002417011
15267,1457.4093579083876
15270,1808.345374776714
15271,2182.3823293320143
15272,1651.7544376583116
15274,2633.914829297212
15281,1639.5105975252086
15287,1279.400679268247
15288,1901.0863612876126
15289,990.135027685003
15290,6322.082329118837
15291,3588.269701902331
15296,2378.909174948362
15297,2025.4671712117097
15298,3663.966500217665
15299,2211.043639430711
15301,3629.823754650827
15304,779.1795318576493
15306,1812.531419758724
15311,46087.71776692978
15312,818.0914095779385
15315,1254.8483480847565
15321,1632.5921595593063
15329,1529.5903367802352
15330,1919.8903665425278
15332,350.0071521740121
15334,886.6073936188465
15339,587.3042024748504
15344,1545.6219290772785
15349,654.1593677729348
15351,1588.0601489625217
15353,617.2436133280064
15355,1467.1730847612075
15356,2306.876499870291
15358,6217.711814229484
15364,935.4026475544415
15365,2083.4058466849006
15366,652.4917654746956
15367,1393.7039622555199
15370,2145.8085570327958
15373,1902.618447899381
15376,1096.730139808519
15379,2003.2333068931757
15380,1408.7593503989556
15381,670.8098925073716
15382,4676.598373873729
15384,545.8936761698566
15392,1211.295092932653
15393,480.55889244399145
15394,1505.7558843555796
15398,2293.29810553236
15399,2008.5626866829584
15400,773.2969123386292
15402,715.7559614764074
15406,570.0417947039508
15407,1136.675317787465
15410,3457.537738876459
15411,2072.0725470215416
15414,1180.5260879090488
15416,2719.9165883733667
15421,903.2649369397582
15426,1073.1752786254888
15427,3870.068235221635
15429,1252.131441305556
15433,543.4334088934331
15434,1398.3486640704712
15436,1107.4290976811274
15440,804.2507905796292
15443,2704.2487280754863
15444,4022.4771698147574
15449,1012.712487606651
15452,700.0381758051377
15453,2093.664053654579
15456,455.37968914286114
15462,719.1642291828049
15465,5502.46545929766
15467,978.0914992625574
15469,1075.4155120327052
15473,3818.864677578952
15478,2475.1194899418006
15482,8202.15658279756
15483,510.7853259877955
15484,5101.272039285848
15485,1433.6442572410172
15489,1361.0697280724492
15491,2639.964308202354
15492,1295.0909177193023
15493,1773.6941010577734
15494,977.4005870129822
15497,567.9596543125432
15498,9718.681637724254
15500,2478.591991567367
15502,7456.713059849316
15505,4403.109988094705
15506,1814.3540188974287
15508,1170.3769205269302
15511,2417.0109719795555
15512,334.77104391869165
15513,11068.555231686038
15514,2267.9672278928633
15516,1207.660823691215
15518,1627.6596919912593
15521,2956.8111570627593
15522,1128.8765455725934
15525,677.8361934704996
15527,2052.4464532358543
15529,3136.6689197905066
15530,1405.225885125793
15531,2751.071947230344
15532,1237.0970739515344
15533,1593.765965490486
15535,551.9227353725956
15544,2700.818445620327
15545,414.5213802264351
15547,3544.2988034447153
15549,963.7973972620028
15550,770.588740067459
15555,3827.5245049591776
15561,1077.060681439296
15563,1136.139349254602
15565,1154.522911586751
15568,2133.269392367395
15569,1210.2149967710131
15570,3085.1469309437643
15571,1949.4401052835478
15572,2345.5518899127064
15573,1249.2006816905434
15574,552.2318147175998
15577,541.4045116078986
15579,470.9544928729871
15581,2894.895730856847
15582,897.1513489313238
15584,1407.9843626499917
15587,775.3505686314285
15589,580.6128510365548
15594,2059.903198861113
15596,1077.6607546979817
15599,827.9978974360165
15601,4833.153821667614
15602,1253.209003593115
15605,1058.4721050731328
15606,2551.2210553920277
15608,2045.8712207763813
15611,1599.935857622373
15612,1322.9553119613852
15615,7549.871200958296
15618,1516.8131095980689
15620,1134.8518028035821
15621,4005.0323108487755
15622,3235.994581000257
15624,843.3112959550508
15625,1341.7553253969347
15626,626.4748792021292
15628,2260.7754884266146
15630,1321.834275511324
15632,3169.415416611117
15636,729.3933161126763
15640,9443.72470795835
15641,1488.688695302659
15643,654.8751312215197
15644,960.4994125992205
15646,505.7050761749461
15648,694.8949061490284
15649,510.899792201134
15651,778.9643467607102
15653,2015.03770578817
15654,2400.1280768507377
15656,866.5833627699843
15658,852.7340880874518
15660,1374.4470919374357
15661,469.3720402106264
15665,1134.0307046321857
15669,902.5825930869511
15671,2630.5304304692027
15673,1867.634982795767
15674,2501.5400303486495
15675,656.8111323837704
15676,2576.782567713599
15679,1336.4692439271582
15680,925.2684308337339
15681,1384.947262765217
15687,2523.781097330762
15689,419.51953140334035
15690,1026.0528090209068
15694,4956.268188339876
15696,2225.203163692729
15700,569.5256108743434
15701,2011.0307731061755
15704,1936.5266369444998
15706,1819.0284487944873
15707,2503.1973997954287
15708,2558.781112362083
15712,1109.7461091993025
15713,437.4164984731766
15714,1320.4651495234489
15716,744.6174156550805
15719,4111.252661315252
15722,2049.5941739090945
15724,480.96717981935166
15727,3089.2976868647534
15730,1240.6949074785443
15732,412.2074136619934
15734,1310.1681549616094
15737,1249.788357228033
15738,3703.5493196473217
15743,1154.1953028428811
15745,1291.8605104460835
15747,1512.230322797366
15749,15530.904113641445
15750,1922.749317198781
15752,2079.704000748109
15754,811.361894505968
15755,2217.8754364228284
15756,868.0150240543414
15757,929.0252095114282
15759,449.6425379279841
15762,1454.0788210045923
15763,2026.2888394739214
15764,2363.6676866037324
15768,766.8810240176231
15769,42629.3174139935
15777,811.2369035505096
15780,551.4039953125035
15781,600.0602114032907
15782,2762.2999146366737
15785,1599.2838720510345
15786,3480.557332730052
15787,2038.4469796143517
15791,907.2433697995725
15793,1018.8632514509021
15796,2477.471753793634
15797,2128.6131647685093
15799,781.5564226962375
15800,844.9813740821611
15801,2369.6071971672654
15804,5101.290059170479
15805,4268.921610687414
15806,843.2522131982253
15807,1454.4834986318958
15808,2160.6293553381015
15809,679.3485935982893
15810,1268.1453795020038
15811,1767.7622434079328
15812,1658.9853409091015
15813,933.3432996472756
15814,3276.2876132949177
15815,2064.7007237497974
15819,1566.353629144653
15821,1736.509821552241
15822,616.8805367224346
15826,1440.3334567643449
15827,1573.2583669072694
15829,1075.5632422549118
15831,746.4174325208892
15834,1246.3295954365542
15835,881.1578047764286
15838,25009.839779443133
15839,1702.6993752859928
15840,703.506753809032
15841,1045.2982623898108
15845,3090.347637839966
15847,551.1528076168535
15850,722.8540945714919
15852,575.3653027223861
15854,2441.8683900839005
15855,1037.0897445774422
15856,11665.970424903298
15858,1110.2673067535002
15860,1003.0593623880612
15861,2766.7943671639327
15862,674.0746765179667
15863,591.3365528966731
15864,1798.076482584924
15865,1133.675047761996
15867,3141.620096026502
15874,3871.3035328726905
15877,2398.6992577217075
15881,594.2878190474506
15882,408.9251917054296
15883,2032.0542904593722
15885,674.5446635542522
15889,410.7108149147446
15894,382.86446168234875
15898,1072.7787058411702
15901,992.0381693478886
15903,4794.1211688185085
15906,1590.4209198750757
15907,1291.171700970756
15910,1312.556790699603
15912,569.6453535287357
15916,1311.889822748321
15918,563.8899802953919
15919,554.8151947104171
15932,2396.520813835709
15933,2274.385220066071
15935,538.2039226078226
15938,652.3557773518603
15939,4769.323175809553
15948,1998.8774374095628
15949,1234.1784031120296
15950,1315.0660702255327
15951,655.4806085735554
15952,1111.3607586323512
15953,1424.1098407743532
15955,3190.93937676599
15963,1667.513673447032
15965,809.2830274176677
15967,535.305296906209
15969,994.3839456266006
15971,3364.463206464208
15974,2831.2165947060453
15976,690.8903781168596
15977,3080.6318573387543
15980,1862.139255568751
15981,3071.8687993930607
15983,1062.1954788692292
15984,2380.9253540035256
15985,675.9390278829399
15987,1326.0747435276612
15990,697.6334109160855
15993,5501.819434849381
15996,936.5402791500333
15998,1976.8399486164835
16003,1472.145971175933
16005,817.217911093757
16007,1972.8968227419084
16008,905.9187597314735
16009,1372.474891309039
16010,542.8887618912674
16011,2732.4609749277415
16012,2051.7431207812374
16013,27600.991598057855
16014,737.6870326497973
16015,2245.8646285020427
16016,1187.4308806113488
16018,832.4071867091319
16019,3029.620080616934
16020,1718.4820027177238
16023,919.9938999042577
16027,940.1623022194573
16029,58505.197260964094
16031,653.203464735852
16033,6891.116470746594
16034,574.6514359051031
16036,900.6815589704016
16037,725.6788767259577
16038,710.9732669175022
16040,1225.0141021177162
16041,1227.6022018951267
16042,1276.7818127097999
16043,761.344996497569
16045,997.5164482562917
16049,2295.9162568126303
16053,1291.360569519918
16057,1805.3522767305878
16059,1331.1951203978442
16062,992.9089308431506
16066,2741.1259645203754
16070,1808.4827364053206
16076,2817.7038164917617
16079,3625.853057995395
16080,472.9440536691768
16081,2263.5856722443677
16083,968.2784817463772
16085,1038.159698352757
16086,1030.084207648837
16091,680.6969013641174
16092,920.6492187147119
16094,1365.288117330941
16098,1492.059074874612
16099,916.736112782131
16102,2257.878072754792
16103,1797.5844281346112
16107,4002.5205412641826
16109,587.1363013556553
16110,1116.0963652039188
16112,461.6755124976451
16115,1797.6243490781462
16119,1198.0450836086952
16121,1061.2929447403435
16122,755.597695429899
16126,4973.779148495976
16128,1768.7274772547519
16131,2938.992158189797
16133,12662.299443617023
16134,543.5119470683649
16136,897.8152851280731
16139,1069.3319512588616
16140,700.3639184097781
16143,1853.755514362565
16145,3033.6862985817165
16146,827.944386043922
16149,807.2048132046092
16150,1528.2350718780008
16153,1555.5043676022947
16156,2821.4684583964954
16157,2059.9013654743976
16160,1297.2151587475919
16161,4457.71161695996
16163,587.5531427659276
16164,2847.0843646694516
16168,3027.6122435063858
16169,3667.261082498037
16170,2055.9385206426023
16172,1417.6492446866257
16173,2790.2626718943
16174,1587.693121442214
16175,1246.7026964185616
16180,10251.134957044476
16182,5335.604082359477
16184,1692.837401061981
16185,639.9181263352381
16186,3084.4255390275944
16187,6200.527725603947
16188,1304.8992634022566
16189,1019.2752069934918
16191,3817.6896639851398
16200,1232.8817677681923
16201,3532.382589440515
16203,635.8728409712156
16205,1409.527990612987
16206,671.6477286193968
16208,516.4317075394191
16209,2429.204254695643
16210,14243.007869700932
16212,545.7901771184017
16214,889.5700344532513
16217,488.2216838090997
16218,2227.9239837271825
16221,815.1868028252577
16224,1564.683442638399
16225,1039.3310380389069
16226,595.1864883584637
16229,1145.9439189571765
16230,734.0453115530145
16232,1171.2856121632508
16233,603.8187983884744
16235,974.5652246973725
16239,605.3477082537701
16240,4591.698651628969
16241,2101.7172091862903
16242,3586.865161722802
16243,1554.3467840077137
16244,611.3420370491582
16245,1333.689688193322
16249,1497.6753789600896
16250,415.5022585520852
16253,2158.023725719756
16255,2028.335338169266
16258,5068.795924177843
16261,957.4362771733837
16265,3790.0461341437112
16266,1254.0521237681912
16271,1311.0483995382222
16279,1999.7479993946333
16283,2013.6866799442837
16284,2150.1824115705867
16293,1717.0418682142647
16295,3361.448822387427
16298,1138.927705017895
16303,3747.098277528808
16306,751.729494138097
16308,2548.005631170761
16309,786.0154514460144
16311,1668.846035686606
16313,1411.4041229733036
16316,2336.439753178348
16317,1029.1820943978262
16320,672.376917016253
16321,590.650467642874
16322,1603.0110445478315
16324,858.6315886557531
16325,848.9544817224385
16326,2705.8985709151484
16327,2752.8029659793306
16330,1074.1462470663096
16332,1674.7633838681613
16333,22626.97097021484
16341,1841.8785181890612
16342,832.9144461386354
16347,2484.1414603127478
16348,1539.5220981543353
16350,941.4005943556954
16352,2053.403521563482
16353,5251.8587750674
16354,1021.6234663997283
16356,513.8225368866146
16357,1069.764836426763
16358,2498.1953394407437
16359,1735.44533532011
16360,7619.251433833189
16361,2294.9206124393054
16362,1567.7078118621534
16364,1159.404538977079
16365,1394.3921249068544
16367,736.4129996338277
16368,1968.3323391916529
16369,1904.7676154355054
16370,1603.9556894066784
16374,686.6794342131747
16376,1948.4649692228331
16378,552.5975867079212
16379,4518.113760728036
16383,709.9129582943525
16384,563.9828871730092
16385,616.5419917910632
16386,652.5975615639317
16389,1532.3155558700514
16393,2503.7269787877617
16394,1515.3347088308642
16395,1315.2748101810478
16398,897.5216385360634
16399,666.9210182725487
16401,3380.2927567939755
16402,370.4605924289335
16405,478.42261183016257
16407,1995.829014579488
16409,1824.6308544896947
16411,368.39328082709636
16414,455.6935121041328
16416,2865.589416713371
16418,1031.2832189069131
16419,994.4065646046411
16422,25528.543266797158
16426,1916.4258931060353
16427,492.1493860225257
16431,606.2303369592739
16434,1397.8204770969826
16438,2232.504619621289
16440,4270.694924751788
16441,516.2953056440933
16442,665.5170981657803
16444,946.1897083142638
16446,174510.5009776496
16449,629.3883096494495
16454,1029.8792475489827
16455,1404.5575973421517
16456,1318.7020962429292
16458,2903.416228756203
16460,2071.2574895340786
16462,500.7911580200836
16463,1793.853303272351
16464,2006.7432681806663
16466,1753.2030595580254
16469,817.9856744723974
16470,746.2325740778949
16473,482.82029411325124
16474,2961.7455964267638
16475,649.2321496691638
16477,2004.45522279909
16478,1365.00761098483
16484,657.834244206845
16488,1055.4195528161395
16493,1325.6678756794793
16495,758.6209528937984
16496,1051.233786156239
16497,2477.7429339247024
16498,603.8819272633986
16499,408.72670339386895
16500,568.1603933982424
16503,1028.4518134714258
16506,1342.1477039860247
16511,980.6050763644945
16513,3420.0711767309713
16515,1480.7032249885415
16518,625.5446836999982
16519,390.2134405658366
16520,833.0865534925135
16523,7868.232991727252
16525,9996.852591544919
16531,1222.6944799423268
16532,3926.2415035912904
16533,2620.04095930484
16539,1001.0229993043134
16546,623.8369751076806
16549,3614.5081644862335
16550,1601.5439134584065
16551,812.482619818718
16552,493.27958838330125
16553,3385.274214290843
16554,991.8645018055449
16555,982.4827681783695
16556,2603.26949770029
16557,914.1281656269385
16558,6274.132050823323
16560,660.7482777901536
16561,1609.2220228089143
16566,874.5564564209109
16567,554.9878694125073
16570,3214.279023069776
16571,1260.5210177895133
16572,1003.9177570759949
16573,676.0911086739991
16584,710.0319476654819
16589,1075.8733128111962
16592,3766.6911742580082
16593,565.5013437778455
16596,401.14148112049884
16600,916.0424962538996
16603,1182.4337738339284
16607,2635.009183265157
16609,5403.445471644518
16612,1131.945019791259
16616,970.9039064578626
16618,1899.1019798822088
16620,489.9771190559834
16621,1013.328624836818
16624,925.0403846646509
16626,4033.0558846577387
16628,2394.4912444552206
16629,1138.673016569515
16633,3058.7957116657317
16634,346.06184133037846
16637,1401.768775990522
16638,1573.8617745946317
16639,1415.0633123805537
16642,888.5386041800758
16644,599.8101721919744
16647,591.5059744415389
16652,5202.440481295473
16653,1168.0439781417258
16654,606.7692587646563
16655,2754.0746541132653
16656,6590.793530316158
16657,1124.1394669666026
16660,1137.6329953790353
16667,684.2266108002327
16668,667.2205664342016
16669,2167.9815042598257
16670,3180.047841207916
16671,1021.5547731295206
16672,7325.971246620987
16674,1153.512215686923
16676,1226.7975801865948
16678,3055.54057186962
16681,1924.1893754917578
16682,1210.11846202966
16684,51189.5982445994
16686,2404.2697848824646
16688,3713.150641739173
16689,1144.9764794261534
16690,654.7624901433754
16692,1380.5596119694046
16693,675.0084839106248
16696,1075.0316671747332
16698,1139.6902844516587
16700,3935.249183791032
16701,4110.485151989929
16705,10249.66586785897
16706,1184.6296929885311
16709,2110.293306976161
16710,1921.6074584684702
16711,1417.950605594273
16712,3526.2408792359324
16713,5285.261567812763
16714,367.0427721988262
16716,484.530077169465
16717,2948.6822169046645
16719,1352.876336232268
16722,3550.046826852711
16723,1041.983952173607
16725,627.5137007974585
16726,1248.5071221685623
16728,1219.0595311198722
16729,7669.128756440419
16730,805.7228512423549
16734,1280.1002421671685
16735,1628.1676518563634
16743,1706.5409887715164
16744,2218.4167957716195
16745,6362.305023133423
16746,5304.3559897484
16747,1741.8752937120762
16748,1186.7737869373382
16750,1032.4876893705932
16755,1301.3181590765207
16759,2427.5933771530126
16762,2349.7276959531446
16764,4785.439627481716
16767,3513.850063535555
16768,688.5696972467738
16770,801.374605133531
16771,1879.696187679833
16774,1250.9785837053512
16775,1457.9537925385685
16777,464.6590392711762
16778,527.3452066704072
16779,8183.532430945164
16780,646.6371672707919
16782,1807.071371798956
16788,688.8520409480335
16790,4056.408876265802
16791,1546.3255143625972
16794,1859.8526203671213
16801,1215.4503741930948
16804,756.0933494904156
16805,483.18145666775064
16806,1045.8327641421915
16807,1091.7560726883275
16808,501.79092371266063
16809,1124.6454849188722
16811,2337.669173999628
16813,2343.587431271058
16814,5077.229095902773
16816,597.8191358494021
16817,1368.2891698507249
16818,3895.739160102399
16824,878.1108392519429
16825,1049.3839555598754
16828,779.9046872535504
16832,650.314032505144
16833,955.4965807774872
16835,375.1290810541896
16836,986.1995141629013
16837,3611.397892011498
16838,540.7501015155651
16839,12554.657992961258
16841,1817.4638684483084
16842,993.6466184121291
16843,8183.379114976099
16851,1779.0906358984066
16852,597.69790231476
16855,1662.8974412304005
16859,835.0273282170648
16861,733.0718389768806
16863,537.3800166518853
16866,755.8122708153716
16869,1360.5027489196377
16871,2558.0577447410424
16872,919.6312981057687
16873,4000.8972482607783
16875,1673.965168901876
16877,1444.5854340909814
16880,2131.1554551302615
16882,917.9250650856342
16883,408.5654980953261
16885,540.3074904198694
16889,1139.3073504623057
16891,759.3258091121683
16892,1110.7792729292084
16897,413.7533262940177
16898,603.5786321587674
16899,1182.778701035489
16900,1400.0114681354698
16904,2941.738060270536
16905,2407.830655068747
16906,924.6192348815197
16907,930.4878705188357
16910,3772.8058378192354
16912,2174.474859493623
16915,950.0263390528681
16916,555.5864819703992
16918,1040.1554533556978
16919,2088.7216801419668
16923,5492.7666576997635
16924,2069.8356486904736
16927,565.6989024522261
16928,2387.025590903375
16929,2212.4884279363378
16930,1354.7920955563477
16931,3727.371474185005
16933,757.9517731067134
16938,2419.436991866753
16940,2327.3665895809536
16942,2305.8740587696975
16943,657.5725428695165
16945,3491.1696420264743
16948,647.6741976250507
16949,1400.6346315561873
16950,1027.4368056005726
16951,570.3008761771399
16954,1674.8286680632464
16955,591.127793696123
16957,634.9842947993194
16960,739.1514794195065
16966,2310.211030487869
16968,1077.5372074643187
16969,851.0979123529362
16979,1727.258315719354
16980,652.0160002947722
16983,1648.2663709079318
16984,2468.5977898955043
16985,3763.099731817062
16986,6445.1429841294375
16987,2196.5488385491763
16989,1101.0480232788789
16992,1492.7576562582951
16996,1351.1659150858397
16997,595.5908807811205
16998,554.8669729318178
16999,1427.661209898261
17001,3113.4026184198433
17002,1224.8527238759802
17004,1562.3814340247488
17006,2102.6583223303755
17007,861.6098852369207
17014,1951.844549297508
17015,2126.7276809774353
17017,6198.52486873579
17018,720.0714343104625
17019,989.3067670998577
17024,728.7252752795488
17025,437.9224753139052
17026,392.95559767849767
17027,963.0487205129307
17029,782.8933465697395
17031,811.6215289555387
17033,847.091448575526
17034,918.148115135139
17035,490.5783035087161
17041,883.7196801992593
17042,1248.2255396348646
17043,1884.5967382183135
17045,744.2802750138828
17047,864.4207947921875
17048,864.2767528998417
17049,4887.378149256919
17050,3086.723062840305
17054,1526.6852798427117
17058,1053.516141004407
17059,2050.2473279418195
17061,4046.9338736922114
17062,564.8051969905941
17063,1403.152255251237
17064,907.2274971717613
17068,3688.4714448354493
17069,2127.8791753430637
17071,2220.5873619572253
17073,2552.1570296683853
17075,904.7014045158037
17076,814.8943814737443
17080,584.3087520837059
17081,1622.5781383314397
17082,1356.8632289863087
17083,967.3343370490994
17085,1164.0664226317228
17086,5071.836167979296
17088,1399.6133563227963
17090,1869.3843696199199
17091,2953.882676953447
17092,1898.0258772525972
17095,1114.7498948668617
17096,1285.0679287698574
17097,934.1879102263761
17101,2341.076229374414
17105,628.3575610526564
17107,8687.870250698668
17109,928.4787943034032
17114,921.2722739446681
17115,1005.8879450988281
17119,1199.2867568461672
17126,889.1174032971492
17131,4600.3385344363605
17133,4448.117339152382
17134,493.4381702434008
17135,1006.8297806669996
17139,7716.738506686139
17144,1611.2514500120021
17146,658.6504879948607
17147,1454.909188346845
17152,1582.840907478656
17155,683.2681782130724
17157,742.8027455539274
17158,936.9494338667091
17159,1866.4389430195852
17160,3471.063480208584
17162,1508.6178585723253
17163,1257.0065980508255
17164,2134.4100813061855
17166,587.3869317842989
17169,1136.7535577660108
17173,6045.212227286613
17175,1192.519829136918
17179,665.3241632758771
17180,806.0311842072116
17181,365.82838386027936
17183,6365.015196571168
17186,1216.142554366786
17188,1803.6083341195704
17189,425.8618843113346
17190,754.1242968600773
17191,1488.7167277076062
17193,2220.1354706935717
17194,326.73717598183987
17198,618.2340810666577
17203,6428.321306409077
17204,1135.3384921736426
17211,1861.2787027715463
17213,2157.491651086048
17214,1026.9475382988542
17218,1602.2668173048219
17220,2526.800264289262
17221,1841.308238081263
17223,400.1967457867928
17227,932.8594676708624
17228,1614.1522789669916
17229,865.3881518058726
17230,1676.0824937905368
17231,2591.193582363513
17232,2357.4331420326703
17235,446.2663615154425
17236,940.5118231034959
17237,1714.6330853445156
17238,2884.4965794078134
17242,1034.357967554158
17243,6748.923311424181
17250,607.5257792798536
17252,551.6200933559975
17254,1958.8313755625406
17255,517.3084128985317
17256,444.63957145462814
17259,458.8671151619843
17262,1043.7959071718494
17265,753.6201414162821
17266,946.7771339132263
17268,1089.7974391175812
17272,1842.1975056323904
17277,603.386647427801
17282,1178.6674697184196
17284,1115.0969512943489
17287,1043.093108885432
17288,1329.3370862125032
17289,1518.5990553969982
17290,2166.921034692592
17293,1510.1107083185757
17295,1615.4183488999604
17298,1280.6188629067933
17299,1277.1215900405741
17302,1207.8192491536233
17306,6848.8561508713055
17311,967.2833462506462
17312,1283.810835977617
17314,2375.4312890395363
17315,5213.267232393085
17317,1997.6276014902392
17320,848.4054412628768
17321,1091.2910231754886
17323,1121.8892721433158
17324,957.8775195630434
17329,565.1128765042295
17330,1210.650221588137
17334,369.24979708742967
17337,1208.0183097686472
17338,4768.037782454626
17339,437.1224773707333
17340,7532.032383955427
17341,490.91898205838993
17345,1012.0451567409485
17346,2239.617549011623
17348,1274.0732210395913
17350,4007.3656245364155
17351,766.7849303351369
17353,1714.867407375751
17358,402.5020947329387
17360,828.1967586486073
17361,774.0783261015021
17362,484.4684897407796
17364,3680.77294467601
17365,3629.4210361516925
17368,1456.4294046934579
17370,1061.5832009350243
17371,535.525959463519
17372,1237.7950787416569
17373,800.0602671188385
17374,637.4388475332806
17375,540.6487967695542
17376,434.90599978281244
17377,3262.659191890988
17381,14787.822758266942
17384,584.4601674422854
17386,3367.88739064991
17387,2540.230723186991
17388,1181.6196486085194
17389,26787.297882659146
17391,709.8130287801418
17392,417.05831892608495
17396,5207.47248557269
17398,770.5826754564761
17400,1628.5557351475366
17402,1985.1172599383183
17404,23910.979584575485
17405,1535.8062246219465
17406,1283.48697144252
17409,888.870627632653
17410,1543.811608471292
17411,889.8948801833681
17412,1123.589022622396
17414,744.4034296435424
17416,4813.234288160563
17418,565.3689937126491
17419,3244.059828635766
17420,647.8115365917934
17422,1865.1423410116076
17423,727.2140757015239
17425,1212.8677480161741
17426,3806.4918968569796
17428,13167.27680179672
17429,858.5286115260227
17430,417.49952693186594
17432,1789.4932094244662
17434,4878.921481384999
17436,556.4494462645948
17440,490.1553765548012
17442,2028.0789384612963
17444,2781.8427091020894
17446,402.34512995992714
17447,1316.9190863998592
17449,1724.2457447742268
17450,146990.78022187858
17451,3343.7990763278244
17453,1334.4966185297956
17454,602.0391261942457
17457,1412.0446085216176
17459,1837.341863517989
17460,781.6874911565432
17461,2462.6973577418894
17462,560.2756464362751
17463,1375.0585065997598
17466,1511.809650520164
17468,1738.7540893767875
17469,2355.8755956438854
17470,1032.06032310039
17472,766.6758051959052
17481,2807.5572374860444
17483,884.6218971474052
17489,658.5503585842386
17490,2940.2607808213843
17491,2771.451973020743
17495,1681.6918504583564
17500,4045.681695796907
17502,2955.1294791561204
17503,1848.5806618941951
17504,2402.097531069723
17505,1179.5860150391356
17507,560.5441884304342
17509,5141.152135378148
17511,67441.49645488303
17512,2559.679644249073
17515,712.6749498538381
17516,807.4176147221519
17519,1450.3100986974027
17521,1173.0605019959048
17522,1539.9164726657796
17523,2995.3595483004206
17526,1035.5152968800628
17527,1216.7614447022106
17528,6832.103924173133
17530,1917.7850553797032
17537,573.4681818166109
17540,585.973984914919
17549,1420.8938066983512
17550,540.0813230193609
17552,760.7998098539135
17554,2403.748144408692
17555,544.2267539777439
17557,1469.6444463697997
17560,959.3235815106445
17562,1726.6422011287304
17564,1642.8715906711134
17566,2900.7196104678687
17567,3142.269681745048
17571,1429.4408161699707
17572,448.3792610143213
17573,1274.45176399178
17576,3032.780711862555
17579,930.2516889524682
17580,457.65045939348585
17581,7919.746674538418
17584,1410.324352465776
17585,910.4234083244718
17588,1322.0318993695964
17589,2293.8715407420796
17590,4407.072884497147
17591,1692.3991459956092
17593,2798.4709434281717
17594,1020.3167537918553
17595,1898.2956456381546
17596,2141.18909598079
17602,3897.3143887093524
17604,489.19089191917453
17609,910.5957612413893
17611,3225.3805310915113
17612,1932.8384423319676
17613,3883.558064108803
17615,680.0787491146831
17616,502.3353658231209
17618,792.1028948351361
17621,1154.1229897891653
17624,916.3369953842914
17625,1876.7266392126328
17629,1552.1848898125902
17630,613.9368687654908
17631,708.7840509508635
17633,2403.603816206901
17634,1643.8232160704022
17637,1064.5526613504935
17642,925.6036721908526
17644,2875.9551922132664
17646,857.2769852201757
17648,1601.8631183890013
17651,5342.353791991264
17652,4786.790346243548
17653,2488.480518893759
17655,1803.271619051698
17656,2879.204442032378
17658,771.9423034392053
17659,2399.6836939931886
17663,1723.71042614637
17664,769.8698531959332
17666,1691.1230644001323
17667,1356.304668447842
17668,1762.9729020840564
17669,3436.046315411354
17671,1184.5054347589178
17672,1863.7856038062569
17673,1398.430748924668
17674,477.64931192411007
17675,15431.237555619207
17676,1148.988035441831
17677,11994.818666584324
17679,1527.0790417423823
17682,1867.8290630209212
17685,2342.556585632255
17686,3920.8101949153993
17690,3613.13186364166
17691,406.07470475888545
17692,636.8113574027813
17695,1055.7308036475881
17696,1920.061357586867
17700,2131.902700818465
17702,2096.234468460242
17703,1524.7080018332297
17704,902.7859337705223
17705,1900.7186445181355
17706,7899.887811597527
17707,387.7405188969337
17708,462.71616265147173
17711,514.8360712219999
17716,5271.243840664976
17719,5367.5447943660965
17720,1119.1052423049694
17722,1418.9710577672945
17723,3800.5352288304916
17724,1653.7870561946074
17725,3476.8217638675364
17728,5808.562760663112
17730,4537.416989656273
17731,1262.632170157074
17733,824.891247737481
17734,1065.256647377347
17735,9946.199618798615
17736,912.6448474076441
17737,1255.4967450404583
17738,1354.5145901847632
17739,2178.1602725892576
17742,380.45768139344426
17744,1808.834798461312
17749,688.4045521859481
17750,2716.237571615087
17754,1902.0299007743088
17757,4484.490018927884
17758,3341.0897285565948
17759,1370.7593578486121
17760,385.53295241910797
17764,1053.8171847041956
17765,677.6657862651058
17768,2990.666989152588
17769,3430.550106178253
17770,892.7932229505655
17771,445.28394202885187
17774,1229.7903388389336
17777,1690.8939644735121
17779,1158.9295135412356
17781,502.33458640758795
17783,588.5798652826319
17786,476.98225810087456
17787,1131.5535823957043
17788,2262.2979566010226
17790,1752.9998692587628
17795,571.495415181106
17796,753.845824062439
17797,1120.036792862152
17799,2498.4965239197654
17800,1243.7495587461447
17802,1136.9861876579803
17809,4311.495890173015
17811,6744.228984078977
17812,707.1645769771831
17813,4344.474769493926
17816,360.2437759240749
17817,494.47937614958886
17819,2618.6104547240266
17827,838.625503027869
17828,1793.418759811989
17830,584.9636590787203
17835,2342.9882878495814
17837,2710.599984177533
17838,1815.1699463448692
17841,31054.087193771014
17848,976.5632131114342
17849,665.5956526265581
17850,2763.207826274508
17854,653.6552139929918
17856,1253.1213747565957
17857,19828.39718981317
17858,4022.9966702644433
17861,1935.1742236718171
17863,2364.9012083985244
17864,762.9203473782483
17865,7794.295259365484
17867,1432.7620716391664
17869,494.18684402907513
17870,1528.9513722566599
17873,1513.0893223888618
17874,1016.787858439807
17883,1016.8189183060658
17884,713.1489064409014
17886,1095.7949048210958
17888,894.4825935428988
17889,425.4182012996632
17890,400.2197576877369
17892,784.98129761758
17894,1109.5611226624167
17897,601.3154675936975
17898,551.5084151906937
17905,757.5184133630072
17912,467.46752597297893
17913,454.27690899462795
17917,498.8278479069574
17920,3114.116750687103
17921,949.8944407093393
17924,2252.9158445895505
17926,697.6320804404002
17928,557.4766457335692
17929,927.5035717899106
17930,1869.389681406974
17931,521.4434835044899
17932,1314.4949699666392
17934,1221.1332314992196
17935,666.533460335844
17937,2522.180475883364
17940,3091.764857527935
17946,530.9401872767525
17949,43572.879311377765
17950,460.46550363266385
17951,814.2814877122017
17954,2013.3046794746763
17955,793.7571435103135
17961,1249.12020898152
17964,447.4029305805878
17965,2296.071854891291
17966,1343.53556964032
17969,388.00259469396616
17974,1096.6120265058844
17975,3509.592792875993
17979,915.906677475107
17980,701.8553558438471
17988,494.57589343367357
17990,659.501082359769
17991,546.131014463763
17994,735.667597081457
17997,2925.3849146035395
17999,441.6691215751937
18001,1183.7312233621444
18005,1443.2544112294427
18008,2054.810301325775
18016,1315.1287462447606
18017,667.825208965388
18018,601.9336809735537
18030,1506.9461871495214
18035,1818.778595921685
18036,745.3662136861394
18037,385.05411770603837
18040,544.8102102678756
18041,3178.8158587188377
18043,503.05564489125726
18044,1894.3084507257374
18055,5075.074000887074
18059,1464.1315788105153
18061,1643.7927985980052
18062,764.8615450752346
18064,829.8393425007044
18065,1859.375475720394
18069,1764.368266316528
18071,443.16771255978404
18073,4913.434590155217
18075,2195.817588884464
18077,2184.136944294032
18078,536.9810667235466
18079,2465.103047737252
18080,797.5156989700386
18081,1059.8346429545854
18085,555.7258392928767
18087,1056.1457292342998
18092,6042.9204189677785
18093,1446.0603952910462
18094,2612.411406199805
18095,484.45928807074057
18096,2817.671311352027
18097,2228.8615111549657
18101,798.8322264419293
18102,178308.2243201572
18109,6257.305520243694
18112,772.4082764562245
18116,1312.0863531373304
18118,4291.682730043749
18121,642.9528008807121
18122,3170.8548011617227
18123,2108.5165226118106
18125,859.8856612135452
18127,971.8895211345866
18130,2910.056496417009
18135,1280.0320448643454
18136,758.6904724894277
18139,7437.125293827909
18142,1216.5003801756134
18143,1350.81546202045
18144,2367.723071882502
18145,2218.8746690676144
18146,557.1808759920528
18147,902.6753945640803
18149,762.9820224152185
18150,915.1627129202116
18151,653.812864346356
18154,1667.12728321059
18155,619.388438097688
18156,656.8459265961268
18158,1069.3365729874909
18160,847.0150271626186
18161,1459.3140304376964
18167,2355.431298231615
18168,996.6424857345836
18170,1217.395618571822
18171,1153.3242448923568
18172,5559.12273538425
18173,1563.3778901179116
18177,1623.969483458267
18178,1265.30957761209
18179,1524.2614040596898
18180,3044.437987803054
18183,662.6085925662935
18188,1721.6563560883706
18189,794.7973817421944
18190,424.9182460169295
18196,571.4034289393256
18198,4565.327855324025
18202,1040.3006361530736
18204,2213.6112468337883
18205,1530.9815874093285
18210,2801.12651146936
18211,857.5218651957221
18217,1599.568614937843
18218,677.1053115411299
18219,1738.0861373779724
18221,1447.8717452204041
18223,4962.598545992446
18225,4492.869868285747
18226,4249.962964419042
18228,1608.3306609579472
18229,5548.876030268975
18230,2443.1442577258695
18231,1970.757657371007
18232,1123.5814161734202
18235,1939.3694318521445
18236,1278.0977030663662
18237,1772.3461108828803
18239,1134.658655838164
18241,2522.598351146916
18242,2553.098710912878
18245,1991.0142240142852
18246,796.0268449094469
18248,879.1035121651645
18252,1110.4570032558072
18257,2187.5881792218033
18259,1689.501932713297
18260,2141.5727999636906
18261,1006.2314245430783
18263,1299.665608633031
18265,994.332339045425
18270,555.5753794478334
18272,2946.4306184640755
18273,587.7205740133305
18282,816.4632899321649
18283,1998.1453570582566
18287,1728.1897118433524
